{"hours": [{"date": "01-02-2020", "hours": "2", "studentNumber": "1234567890123", "hourId": "000001"}, {"date": "01-02-2020", "hours": "2", "studentNumber": "1234567890123", "hourId": "000001"}, {"date": "01-03-2020", "hours": "3", "studentNumber": "123456789", "hourId": "000002"}, {"date": "1", "hours": "1", "studentNumber": "1", "hourId": "1"}, {"date": "1-29-2020", "hours": "3", "studentNumber": "654321", "hourId": "123456"}], "profiles": [{"nameFirst": "FirstNameaaaa", "gradeLevel": "11", "hourIds": ["000000", "000001", "000002"], "lastTotal": "6", "nameLast": "Lastname", "id": "1234567890"}, {"nameFirst": "Luca", "gradeLevel": "12", "hourIds": ["000000", "000001", "000002"], "lastTotal": "6", "nameLast": "Maddaleni", "id": "123456"}, {"nameFirst": "fdsfdsf", "gradeLevel": "fdssfdf", "hourIds": ["000000", "000001", "000002"], "lastTotal": "6", "nameLast": "fds", "id": "sdfsd"}, {"nameFirst": "Luca", "gradeLevel": "12", "hourIds": ["000000", "000001", "000002"], "lastTotal": "6", "nameLast": "Maddaleni", "id": "123456"}]}