{"hours": [{"date": "01-01-2000", "hours": "2", "studentNumber": "123", "hourId": "000001"}, {"date": "01-01-2000", "hours": "2", "studentNumber": "123", "hourId": "000001"}], "profiles": [{"nameFirst": "Test First", "gradeLevel": "9", "hourIds": [], "awards": "Sample Service Award", "lastTotal": "", "nameLast": "Test Last Name", "id": "123123456456"}, {"nameFirst": "Piero", "gradeLevel": "11", "hourIds": [], "awards": "None", "lastTotal": "", "nameLast": "Maddaleni", "id": "1100320247"}, {"nameFirst": "John", "gradeLevel": "9", "hourIds": [], "awards": "None", "lastTotal": "", "nameLast": "Doe", "id": "123456"}]}